CardNumber,user,ISBN,Quantity,Price,Datetime
1636772738.031984,test1,2222,1,,2021-11-12-21:06:00
1636772816.757321,test1,2222,1,,2021-11-12-21:07:13
1636772862.612073,test1,2222,1,,2021-11-12-21:07:59
1636772986.532524,test1,a111,1,,2021-11-12-21:09:55
1636773240.551112,test1,9223,1,,2021-11-12-21:14:11
1636773303.948257,test1,a111,1,,2021-11-12-21:15:38
1636773349.383439,test1,a111,3,,2021-11-12-21:16:01
1636773854.458569,test1,a111,1,,2021-11-12-21:25:10
1636773933.685341,test1,a111,1,,2021-11-12-21:25:46
1636774003.84355,test1,a111,1,,2021-11-12-21:26:56
1636774065.744313,test1,9223,1,,2021-11-12-21:28:19
1636774245.279056,test1,a111,1,,2021-11-12-21:31:01
1636836827.538469,test1,9223,1,,2021-11-13-14:54:43
1637116555.576018,amhar,789,6,,2021-11-16-20:37:08
1637116555.576018,amhar,789,7,,2021-11-16-20:37:08
